,w1,w2,SimRating,w2v_uk1,w2v_big,w2v_ukfull,gloveWG100,gloveTW100
0,love,sex,6.77,0.212044820189,0.222295060754,0.252139657736,0.553354456243,0.571203130636
1,tiger,cat,7.35,0.514119684696,0.650612592697,0.572387576103,0.541541905999,0.647488911185
2,tiger,tiger,10.0,1.0,1.0,0.999999940395,1.0,1.0
3,book,paper,7.46,0.467560321093,0.535237133503,0.491508454084,0.622587209191,0.691173043364
4,computer,keyboard,7.62,0.519887804985,0.555082142353,0.552854835987,0.541818988224,0.722268351683
5,computer,internet,7.58,0.492290765047,0.559633493423,0.513490796089,0.728677519287,0.63628191389
6,plane,car,5.77,0.418976098299,0.449726611376,0.447462826967,0.596141430594,0.631600545468
7,train,car,6.31,0.496280759573,0.530514121056,0.542276322842,0.682272199962,0.6561350742
8,telephone,communication,7.5,0.197888508439,0.292502909899,0.164438888431,0.632940262059,0.452032585368
9,television,radio,6.77,0.848456442356,0.881597578526,0.849301993847,0.815358052533,0.629637559545
10,media,radio,7.42,0.550589799881,0.643988251686,0.534368574619,0.658877083799,0.573358548765
11,drug,abuse,6.85,0.569371759892,0.561654508114,0.531988680363,0.58584067839,0.587873330957
12,bread,butter,6.19,0.887624740601,0.886770546436,0.862608194351,0.727961939412,0.803942609095
13,cucumber,potato,5.92,0.899550974369,0.88904774189,0.904499292374,0.629771174148,0.582312513953
14,doctor,nurse,7.0,0.669597744942,0.781410694122,0.68628513813,0.752150851101,0.56089690069
15,professor,doctor,6.62,0.235660925508,0.331378728151,0.247756525874,0.530182766246,0.489141285374
16,student,professor,6.81,0.201971560717,0.464145243168,0.213731005788,0.585186142549,0.535688571046
17,smart,student,4.62,0.130045205355,0.0531621873379,0.143040984869,0.35440053287,0.484118807988
18,smart,stupid,5.81,0.358682364225,0.505890190601,0.268031924963,0.595746871299,0.680695811818
19,company,stock,7.08,0.398400068283,0.438811868429,0.423274040222,0.637511095271,0.594685842573
20,stock,market,8.08,0.537676036358,0.584035813808,0.580018222332,0.799161062227,0.706580121849
21,stock,phone,1.62,0.174206361175,0.143655031919,0.153759106994,0.376022962216,0.373185716329
22,stock,cd,1.31,0.258239477873,0.202601492405,0.145000353456,0.190551887175,0.33897487531
23,stock,jaguar,0.92,0.192590251565,0.185204192996,0.270970970392,0.162780573079,0.18740770332
24,stock,egg,1.81,0.364455401897,0.370239973068,0.374441623688,0.177444581447,0.274570175885
25,fertility,egg,6.69,0.127314418554,0.237944751978,0.182362109423,0.385550944438,0.138913993517
26,stock,live,3.73,0.132827371359,0.0541764050722,0.046132273972,0.261489966031,0.303340881305
27,stock,life,0.92,0.0157375484705,0.112917393446,0.0831561684608,0.355447463269,0.336933447873
28,book,library,7.46,0.314949780703,0.298647195101,0.362342536449,0.56164362491,0.684326426126
29,bank,money,8.12,0.337708622217,0.421249657869,0.35756278038,0.571816327005,0.59306637501
30,wood,forest,7.73,0.392805606127,0.476525068283,0.433504641056,0.523612306373,0.574805971359
31,money,cash,9.15,0.772509753704,0.765923023224,0.783031225204,0.848483627881,0.841279093562
32,professor,cucumber,0.31,0.0544156171381,0.0799057930708,0.0211372431368,-0.0065899397978,0.0668076159777
33,king,cabbage,0.23,0.0656620338559,0.185015141964,0.0817048326135,0.0383549177614,0.186439579341
34,king,queen,8.58,0.743097484112,0.740100681782,0.736461341381,0.750769079362,0.707593440912
35,king,rook,5.92,0.372890502214,0.436052978039,0.35396245122,0.216847342294,0.239661861204
36,bishop,rabbi,6.69,0.478658050299,0.676837265491,0.53781992197,0.440165808822,0.343347311342
37,jerusalem,israel,8.46,0.730669379234,0.14412483573,0.741591691971,0.766927164257,0.697518795381
38,jerusalem,palestinian,7.65,0.391979008913,0.187854409218,0.43566134572,0.733113878477,0.673367857817
39,holy,sex,1.62,-0.00888187810779,0.0563193373382,0.0211104974151,0.302857255011,0.424211456201
40,fuck,sex,9.44,0.139777392149,0.122951611876,0.131523668766,0.143520569967,0.585261728843
41,maradona,football,8.62,0.478975176811,0.370695531368,0.469373315573,0.433353093117,0.264562007563
42,football,soccer,9.03,0.854833364487,0.921190321445,0.856753110886,0.873222072705,0.893798672495
43,football,basketball,6.81,0.873530745506,0.870007812977,0.868727207184,0.855563704729,0.854403654932
44,football,tennis,6.63,0.759207963943,0.729728519917,0.757602870464,0.588503058576,0.701911523272
45,tennis,racket,7.56,0.565953850746,0.531915783882,0.528461635113,0.421762356775,0.565483688831
46,arafat,peace,6.73,0.242639735341,,0.260679483414,0.578727120617,0.234207444611
47,arafat,terror,7.65,0.458657622337,,0.452076166868,0.435028253898,0.255446093698
48,arafat,jackson,2.5,0.174255236983,,0.300624668598,0.228630789804,0.249402167727
49,law,lawyer,8.38,0.347716867924,0.421871185303,0.425371497869,0.597450107535,0.695026426489
50,movie,star,7.38,0.493049860001,0.52894705534,0.526864647865,0.653130483446,0.694891280418
51,movie,popcorn,6.19,0.377377212048,0.42732784152,0.490712732077,0.373656368665,0.487658929651
52,movie,critic,6.73,0.434576064348,0.424771338701,0.380919456482,0.407228082539,0.317251855202
53,movie,theater,7.92,0.535664200783,0.552153944969,0.499404996634,0.669301302398,0.584473215125
54,physics,proton,8.12,0.36087346077,0.43451616168,0.430509924889,0.234522124988,0.162168441653
55,physics,chemistry,7.35,0.90348893404,0.86379635334,0.869566619396,0.849800047429,0.744021063583
56,space,chemistry,4.88,0.0877266824245,0.150259017944,0.11273303628,0.339544799514,0.283468082143
57,alcohol,chemistry,5.54,0.0883124098182,0.109264612198,0.12826320529,0.202053095637,0.2001356914
58,vodka,gin,8.46,0.851595938206,0.867832481861,0.848441958427,0.632644627079,0.588863311043
59,vodka,brandy,8.13,0.904922664165,0.932354271412,0.90481954813,0.674306234532,0.442183727806
60,drink,car,3.04,0.215633109212,0.160876095295,0.257873386145,0.337203759574,0.42675477514
61,drink,ear,1.31,0.04756815359,0.158505231142,0.00558186508715,0.135712675708,0.372603652219
62,drink,mouth,5.96,0.153044074774,0.285200625658,0.188233420253,0.374589161904,0.549323120141
63,drink,eat,6.87,0.732384562492,0.817424237728,0.727400362492,0.684938542094,0.725833835996
64,baby,mother,7.85,0.613282501698,0.639089524746,0.647499322891,0.696920590761,0.654187369203
65,drink,mother,2.65,0.0897425636649,0.179469898343,0.109946973622,0.336083914824,0.435084931559
66,car,automobile,8.94,0.684034883976,0.700258553028,0.662577867508,0.683194185555,0.467585208639
67,gem,jewel,8.96,0.568411529064,0.562968850136,0.577276289463,0.64154499011,0.581374046644
68,journey,voyage,9.29,0.604415118694,0.609908342361,0.555000305176,0.768299421264,0.521089641347
69,boy,lad,8.83,0.792784452438,0.865064501762,0.813110351562,0.39526765119,0.557645322316
70,coast,shore,9.1,0.738344550133,0.813876092434,0.792530119419,0.700027178543,0.498318621793
71,asylum,madhouse,8.87,0.00294180470519,0.0417449958622,0.00972249824554,-0.104345019439,0.3140069935
72,magician,wizard,9.02,0.391337752342,0.619208157063,0.483534276485,0.661820485404,0.597198073285
73,midday,noon,9.29,0.811385691166,0.810993909836,0.805050253868,0.785331242415,0.612690670168
74,furnace,stove,8.79,0.584619820118,0.597103178501,0.627881705761,0.632639363319,0.589632480197
75,food,fruit,7.52,0.601066946983,0.712903797626,0.606917858124,0.573560323493,0.611000488404
76,bird,cock,7.1,0.433329582214,0.526202201843,0.486175239086,0.275310164099,0.368122607918
77,bird,crane,7.38,0.288078516722,0.353306025267,0.359646826982,0.337193394551,0.375185455667
78,tool,implement,6.46,0.413584083319,0.350360929966,0.3866545856,0.38970053421,0.459318860629
79,brother,monk,6.27,0.335050106049,0.373015135527,0.392079740763,0.427257844108,0.288791825631
80,crane,implement,2.69,-0.0446443259716,0.0451303459704,0.0243614744395,0.0247216906869,0.134250093203
81,lad,brother,4.46,0.468466579914,0.601728975773,0.552757978439,0.229925005166,0.554910955351
82,journey,car,5.85,0.34368532896,0.364917546511,0.38224324584,0.34866183927,0.416400955597
83,monk,oracle,5.0,0.0878586545587,0.411124527454,0.130974158645,0.0598760069789,0.261545069667
84,cemetery,woodland,2.08,0.313321530819,0.446657717228,0.332351595163,0.475344279064,0.542869942297
85,food,rooster,4.42,0.00311726774089,0.0868687778711,0.0676538199186,-0.00661580038905,0.158254549103
86,coast,hill,4.38,0.390223532915,0.611966669559,0.392307430506,0.382473810843,0.536218963613
87,forest,graveyard,1.85,0.413562148809,0.497877955437,0.459190428257,0.236178870697,0.343993770221
88,shore,woodland,3.08,0.358970165253,0.426228225231,0.335405915976,0.22715842769,0.279130624082
89,monk,slave,0.92,0.340681374073,0.513424634933,0.379166543484,0.220864577572,0.411464784159
90,coast,forest,3.15,0.455418258905,0.491584450006,0.427563965321,0.410929988285,0.542148653933
91,lad,wizard,0.92,0.0989010259509,0.380586504936,0.205978125334,0.338027849053,0.228214341504
92,chord,smile,0.54,0.376305937767,0.399217218161,0.378658205271,0.203810970708,0.188967720778
93,glass,magician,2.08,0.23085680604,0.243862912059,0.292515158653,0.0922050917706,0.167509650865
94,noon,string,0.54,0.00151160312817,-0.0378916561604,-0.104491889477,0.0375756911225,0.147427182112
95,rooster,voyage,0.62,-0.0217759218067,-0.051168743521,-0.00628488929942,0.0604874123179,0.0882265040555
96,money,dollar,8.42,0.389718323946,0.477766633034,0.41587126255,0.541675098533,0.700353166074
97,money,cash,9.08,0.772509753704,0.765923023224,0.783031225204,0.848483627881,0.841279093562
98,money,currency,9.04,0.328750282526,0.418878227472,0.381313234568,0.528515505085,0.450879482728
99,money,wealth,8.27,0.289476960897,0.28386080265,0.288711965084,0.615100701188,0.622184271985
100,money,property,7.57,0.25302195549,0.359011590481,0.297417730093,0.586850608428,0.528558351069
101,money,possession,7.29,0.205352053046,0.327710062265,0.258088678122,0.382999931657,0.369752515648
102,money,bank,8.5,0.337708622217,0.421249657869,0.35756278038,0.571816327005,0.59306637501
103,money,deposit,7.73,0.440670073032,0.453965902328,0.46681779623,0.487905814184,0.529695411608
104,money,withdrawal,6.88,0.120414294302,0.108530662954,0.152051985264,0.295779299828,0.296860892164
105,money,laundering,5.65,0.397634804249,0.48091095686,0.431328326464,0.5056719143,0.415455124675
106,money,operation,3.31,0.0760802999139,0.126627638936,0.066774405539,0.461401227554,0.333432352308
107,tiger,jaguar,8.0,0.421439319849,0.651137948036,0.491179257631,0.342665114717,0.415805442124
108,tiger,feline,8.0,0.291837722063,0.392815828323,0.321737289429,0.214538949633,0.369917215163
109,tiger,carnivore,7.08,0.364282101393,0.674093782902,0.471102654934,0.100468512688,0.184886514534
110,tiger,mammal,6.85,0.384388834238,0.546411335468,0.444658190012,0.280657338667,0.202333512871
111,tiger,animal,7.0,0.173006266356,0.436312049627,0.263246506453,0.371601572707,0.499980589856
112,tiger,organism,4.77,-0.0593962445855,0.24839836359,0.0773717090487,0.107258991938,0.176515490213
113,tiger,fauna,5.62,0.23983541131,0.372093617916,0.201704472303,0.230410197693,0.165274130952
114,tiger,zoo,5.87,0.414053916931,0.567777395248,0.499185234308,0.386813643222,0.45704196916
115,psychology,psychiatry,8.08,0.789566516876,0.829640805721,0.79955881834,0.757872589538,0.512802141457
116,psychology,anxiety,7.0,0.255404502153,0.325065344572,0.289652615786,0.358182983599,0.570712386218
117,psychology,fear,6.85,0.00417305808514,0.147120416164,0.0746984779835,0.189155191513,0.354914907949
118,psychology,depression,7.42,0.274847924709,0.323339492083,0.272657543421,0.410233522066,0.538565741186
119,psychology,clinic,6.58,0.272605270147,0.272411227226,0.315635740757,0.344509799846,0.329423301501
120,psychology,doctor,6.42,0.228601515293,0.213758260012,0.186380907893,0.439958090833,0.368574257055
121,psychology,freud,8.21,0.275467157364,-0.0355743430555,0.304414510727,0.419484369794,0.243157948157
122,psychology,mind,7.69,0.155290752649,0.187663376331,0.142030417919,0.444429854589,0.523319210336
123,psychology,health,7.23,0.459116011858,0.471533179283,0.433794915676,0.405234415818,0.569645933069
124,psychology,science,6.71,0.77874904871,0.852781534195,0.778882205486,0.727934766106,0.800532074333
125,psychology,discipline,5.58,0.566149115562,0.674778461456,0.535253882408,0.38767162503,0.458994138272
126,psychology,cognition,7.48,0.533566653728,0.643830835819,0.558264136314,0.578997340866,0.371034215839
127,planet,star,8.45,0.331081211567,0.269866794348,0.340033084154,0.443591530863,0.521725657237
128,planet,constellation,8.06,0.498643606901,0.554564237595,0.511145234108,0.457642753345,0.168743874076
129,planet,moon,8.08,0.692474007607,0.618178427219,0.675346851349,0.634555323028,0.641264798536
130,planet,sun,8.02,0.400965899229,0.50241458416,0.445834010839,0.486104010767,0.561174575645
131,planet,galaxy,8.11,0.670611619949,0.67742395401,0.651886224747,0.553250940767,0.408141335495
132,planet,space,7.92,0.317805379629,0.315278738737,0.326433807611,0.587223559298,0.690371674707
133,planet,astronomer,7.94,0.186813369393,0.143340632319,0.202458500862,0.302008112024,0.149837683752
134,precedent,example,5.85,0.376615852118,0.312518924475,0.336119711399,0.456704876176,0.319008586786
135,precedent,information,3.85,0.00540354847908,0.0301565937698,0.124810986221,0.279112740527,0.246413005451
136,precedent,cognition,2.81,-0.0639351680875,0.0777482911944,0.0467919297516,0.0797512643892,0.16926510029
137,precedent,law,6.65,0.399082511663,0.489149868488,0.391295045614,0.555439513824,0.310740028794
138,precedent,collection,2.5,0.060142993927,0.156406477094,0.122750669718,0.163163917509,0.260364892351
139,precedent,group,1.77,-0.0328117273748,0.0696565434337,0.0274084862322,0.156624777585,0.0513393452025
140,precedent,antecedent,6.04,0.369988083839,0.416206300259,0.420588612556,0.284225363633,0.410105987066
141,cup,coffee,6.58,0.36733302474,0.679227054119,0.378397494555,0.33575121902,0.601052440917
142,cup,tableware,6.85,0.186878681183,0.27751943469,0.2020226717,0.0143582298397,0.0334885079756
143,cup,article,2.4,-0.0288245789707,-0.0393475778401,0.00659131677821,0.116094151851,0.262618856282
144,cup,artifact,2.92,-0.0655566453934,0.101098559797,-0.00917742028832,-0.0659226757364,0.0621030957182
145,cup,object,3.69,-0.0503878481686,0.0709001794457,-0.104242816567,0.0849584684356,0.174516277587
146,cup,entity,2.15,-0.0572862997651,-0.0299647077918,-0.0256376806647,0.0502709698032,-0.0189673333533
147,cup,drink,7.25,0.193280950189,0.571017444134,0.278182387352,0.32287111283,0.554215335244
148,cup,food,5.0,0.110952556133,0.392421036959,0.15685094893,0.29346693797,0.506795987195
149,cup,substance,1.92,-0.0539897754788,0.236666291952,0.0671488344669,0.207805459633,0.0999337172675
150,cup,liquid,5.9,0.13964946568,0.456661343575,0.191708311439,0.281844240876,0.403107715129
151,jaguar,cat,7.42,0.28716301918,0.516068518162,0.214558437467,0.292102417196,0.303710967164
152,jaguar,car,7.27,0.590286314487,0.418737113476,0.569811344147,0.490603128086,0.373303696037
153,energy,secretary,1.81,0.0791012793779,0.0371169298887,0.0630295202136,0.392098657178,0.293834430721
154,secretary,senate,5.06,0.533856570721,0.369918018579,0.54637914896,0.534517068864,0.569999638937
155,energy,laboratory,5.09,0.205021217465,0.231000751257,0.23819103837,0.430083165469,0.275434856959
156,computer,laboratory,6.78,0.492652982473,0.43618786335,0.476093232632,0.517249508951,0.353947199919
157,weapon,secret,6.06,0.365675389767,0.436473697424,0.405696034431,0.435135799686,0.417155661022
158,fbi,fingerprint,6.94,0.30912950635,0.233255088329,0.314639896154,0.4090163658,0.198056613465
159,fbi,investigation,8.31,0.386099815369,0.0797871872783,0.428377717733,0.743211714624,0.663246237629
160,investigation,effort,4.59,0.233858555555,0.273740053177,0.301053911448,0.560602104137,0.29713331612
161,mars,water,2.94,0.0767590403557,0.241972133517,0.171193420887,0.333067711627,0.329959018081
162,mars,scientist,5.63,0.334391772747,0.173537254333,0.347479373217,0.344451072745,0.421550182903
163,news,report,8.16,0.370782881975,0.416894972324,0.377443820238,0.719084923992,0.730599092676
164,canyon,landscape,7.53,0.324535638094,0.449998795986,0.357767283916,0.299779255299,0.418469653354
165,image,surface,4.56,0.323181509972,0.385336339474,0.316780507565,0.465099545558,0.514904542539
166,discovery,space,6.34,0.235160380602,0.11986579746,0.194564118981,0.601512484565,0.632375919804
167,water,seepage,6.56,0.583561420441,0.703311800957,0.676900327206,0.451288577869,
168,sign,recess,2.38,0.169030532241,0.130781918764,0.110359430313,0.232038298328,0.107003110652
169,wednesday,news,2.22,0.280888587236,0.274634867907,0.325987517834,0.688872837897,0.475620222508
170,mile,kilometer,8.66,0.760177731514,0.767806708813,0.770485639572,0.851086650525,0.378185725956
171,computer,news,4.47,0.0506112352014,0.141044691205,0.0623193383217,0.404385938059,0.404949943834
172,territory,surface,5.34,0.115836881101,0.159425884485,0.16482770443,0.348408820629,0.274993669835
173,atmosphere,landscape,3.69,0.404656171799,0.500832021236,0.364677131176,0.437968304512,0.426213488272
174,president,medal,3.0,0.291042685509,0.2002261132,0.182444408536,0.275206257556,0.439935853241
175,war,troops,8.13,0.585666418076,0.703155815601,0.591824710369,0.685771837445,0.546090311576
176,record,number,6.31,0.359059900045,0.429528236389,0.32803851366,0.587202958386,0.577117890832
177,skin,eye,6.22,0.586665630341,0.624764978886,0.585420310497,0.673459245009,0.714453948465
178,japanese,american,6.5,0.623425424099,0.548297047615,0.685837566853,0.585430176211,0.584061885847
179,theater,history,3.91,0.242776125669,0.311881512403,0.190277099609,0.398355925746,0.428235235715
180,volunteer,motto,2.56,0.0387688837945,0.0764184072614,0.0438815876842,0.329087712484,0.118783568156
181,prejudice,recognition,3.0,0.234807997942,0.22184112668,0.25313180685,0.252172389822,0.250077932471
182,decoration,valor,5.63,0.134666159749,0.126532286406,0.174677968025,0.492572372941,0.00849791380509
183,century,year,7.59,0.228612393141,0.215893417597,0.252290695906,0.468847908012,0.534939960472
184,century,nation,3.16,0.153537616134,0.265257120132,0.219128504395,0.470708513176,0.317002479066
185,delay,racism,1.19,0.0942855924368,0.0854920819402,0.066938623786,0.19177706705,0.299397403457
186,delay,news,3.31,-0.00498028472066,0.0612040832639,-0.00754795316607,0.36830146777,0.366021105231
187,minister,party,6.63,0.215527310967,0.300731450319,0.297386556864,0.56369864566,0.327029003745
188,peace,plan,4.75,0.0656350106001,0.183400213718,0.1238797158,0.560730333105,0.421920701893
189,minority,peace,3.69,0.023936284706,0.0972705557942,0.113242283463,0.356416180578,0.260056877195
190,attempt,peace,4.25,0.0420206002891,0.0920800045133,0.0982436612248,0.454516309914,0.349298276744
191,government,crisis,6.56,0.357257783413,0.393801152706,0.364562571049,0.599523961176,0.56488156047
192,deployment,departure,4.25,0.164831623435,0.213998004794,0.138382434845,0.421291200232,0.418541244784
193,deployment,withdrawal,5.88,0.369196951389,0.353734374046,0.31083330512,0.68989885679,0.370978634819
194,energy,crisis,5.94,0.18242533505,0.254964321852,0.19378298521,0.485140925672,0.456063038611
195,announcement,news,7.56,0.376354157925,0.414582550526,0.369511365891,0.61270361975,0.524462344087
196,announcement,effort,2.75,0.155561581254,0.217563182116,0.171305820346,0.502814828188,0.335444373326
197,stroke,hospital,7.03,0.375860720873,0.435571581125,0.371870517731,0.435701863151,0.367760810079
198,disability,death,5.47,0.170737266541,0.271394640207,0.200521886349,0.314520106352,0.326572914727
199,victim,emergency,6.47,0.175211533904,0.192544311285,0.215427041054,0.318299613573,0.461017619445
200,treatment,recovery,7.91,0.497179299593,0.513922810555,0.466606765985,0.417062985633,0.559373644983
201,journal,association,4.97,0.508897840977,0.279201447964,0.550740122795,0.46033207996,0.570427052334
202,doctor,personnel,5.0,0.152867868543,0.25646135211,0.174762830138,0.304010935038,0.203034383384
203,doctor,liability,5.19,-0.00196150108241,0.0607684925199,-0.0193496905267,0.162938899286,0.126596505413
204,liability,insurance,7.03,0.475729197264,0.437589883804,0.481784880161,0.668882388262,0.660533544889
205,school,center,3.44,0.201494559646,0.146607413888,0.2442060709,0.587618361241,0.514212464746
206,reason,hypertension,2.31,0.0583283044398,-0.0157903116196,0.0421678237617,0.132576990398,0.130609292684
207,reason,criterion,5.91,0.450871616602,0.51949006319,0.538177251816,0.27498452624,0.0799093096759
208,hundred,percent,7.38,0.259413510561,0.322734564543,0.267985165119,0.323404010776,0.530955888937
209,harvard,yale,8.13,0.882584273815,0.148983746767,0.861335337162,0.916134465864,0.789309472585
210,hospital,infrastructure,4.63,0.0825782567263,0.175633639097,0.0853408798575,0.258687468671,0.230608324062
211,death,row,5.25,0.0271429084241,0.136242091656,0.0949192643166,0.420640841073,0.585747391221
212,death,inmate,5.03,0.51014649868,0.439558506012,0.432469308376,0.530603044073,0.422711184263
213,lawyer,evidence,6.69,0.0627969875932,0.13640652597,0.0666703283787,0.412720487898,0.398658744955
214,life,death,7.88,0.435569256544,0.475871264935,0.421860218048,0.675519363721,0.659604427518
215,life,term,4.5,0.257633894682,0.267630070448,0.246534258127,0.583271812922,0.555218232822
216,word,similarity,4.75,0.1279707551,0.312276393175,0.100194185972,0.419381885141,0.196341047028
217,board,recommendation,4.47,0.473487526178,0.420605033636,0.512580573559,0.647219743083,0.48583413996
218,governor,interview,3.25,0.117522761226,0.0908954367042,0.109021559358,0.408170248448,0.348360932411
219,opec,country,5.63,0.166066452861,0.12209109962,0.120621874928,0.352785442314,0.0433380730943
220,peace,atmosphere,3.69,0.160926014185,0.284303843975,0.253946512938,0.376439075749,0.35140767559
221,peace,insurance,2.94,-0.0376968644559,0.0095786806196,-0.040428917855,0.194016906618,0.251014336641
222,territory,kilometer,5.28,0.195216611028,0.224166795611,0.204500541091,0.362587960291,0.0444506647522
223,travel,activity,5.0,0.113226071,0.158474072814,0.155505418777,0.440029757782,0.401123836961
224,competition,price,6.44,0.129091337323,0.241949409246,0.109538063407,0.4594574677,0.492918909215
225,consumer,confidence,4.13,0.228231951594,0.314440965652,0.263186067343,0.574042805709,0.458876736031
226,consumer,energy,4.75,0.332425415516,0.371179223061,0.356130570173,0.573922961096,0.581113801147
227,problem,airport,2.38,-0.0159895755351,0.0511825121939,0.052772603929,0.355976688048,0.233510195646
228,car,flight,4.94,0.409310936928,0.581146359444,0.492468208075,0.447104909484,0.571724790255
229,credit,card,8.06,0.745631039143,0.777019917965,0.752101540565,0.631730165789,0.773226772642
230,credit,information,5.31,0.164026796818,0.146884799004,0.141057536006,0.489029764251,0.584741395329
231,hotel,reservation,8.03,0.420150905848,0.531842887402,0.431865274906,0.383751535953,0.336568190961
232,grocery,money,5.94,0.222817450762,0.195712268353,0.142581254244,0.316748252428,0.470514664522
233,registration,arrangement,6.0,0.379945456982,0.391307711601,0.329403609037,0.36608266111,0.292301067652
234,arrangement,accommodation,5.41,0.281127989292,0.308598130941,0.284389168024,0.441117255583,0.398823223025
235,month,hotel,1.81,0.103289693594,0.138590410352,0.106724448502,0.451590001345,0.310905362288
236,type,kind,8.97,0.447504132986,0.527720212936,0.452095657587,0.602276664613,0.731786581604
237,arrival,hotel,6.0,0.391212999821,0.362118214369,0.318555086851,0.46143601741,0.353324037114
238,bed,closet,6.72,0.621554791927,0.693466424942,0.637289702892,0.550687173708,0.52338899896
239,closet,clothes,8.0,0.329615801573,0.463631331921,0.458008378744,0.546276016281,0.661552464783
240,situation,conclusion,4.81,0.496915400028,0.507831394672,0.48701775074,0.536145299788,0.542281826717
241,situation,isolation,3.88,0.429168701172,0.454134166241,0.46325352788,0.508077642198,0.30020586207
242,impartiality,interest,5.16,0.167454183102,0.201082825661,0.0955611467361,0.185046615391,0.127448255637
243,direction,combination,2.25,0.161183685064,0.206680223346,0.19519482553,0.481143664355,0.121260635657
244,street,place,6.44,0.143802940845,0.204103365541,0.261015743017,0.52548537665,0.616956984453
245,street,avenue,8.88,0.802626252174,0.334960192442,0.798044979572,0.742330285078,0.649997238443
246,street,block,6.88,0.24838231504,0.34150698781,0.28527879715,0.549422254312,0.537343540235
247,street,children,4.94,0.0295160003006,0.117661483586,-0.0126364408061,0.379803854312,0.469184750938
248,listing,proximity,2.56,0.00614635739475,-0.0102870734408,-0.0367968082428,0.198297798939,0.262997621584
249,listing,category,6.38,0.457482635975,0.461960315704,0.420298486948,0.49579764317,0.405855406368
250,cell,phone,7.81,0.272541284561,0.229966625571,0.176901996136,0.595686650285,0.695473113354
251,production,hike,1.75,-0.0541446432471,-0.0174658931792,-0.0786429867148,0.31938072022,0.346435517424
252,benchmark,index,4.25,0.150647461414,0.291837334633,0.173579096794,0.729081349596,0.541067722933
253,media,trading,3.88,0.169071421027,0.236343428493,0.237556248903,0.410391663514,0.411521170687
254,media,gain,2.88,0.108343042433,0.138777256012,0.0514394268394,0.426514803309,0.32352602041
255,dividend,payment,7.63,0.635176956654,0.666492402554,0.639934122562,0.563796618897,0.540901187839
256,dividend,calculation,6.48,0.433854192495,0.521330177784,0.482190996408,0.299807438046,0.369616385861
257,calculation,computation,8.44,0.682921290398,0.772180378437,0.656526684761,0.657264577928,0.534497859018
258,currency,market,7.5,0.360601693392,0.558579623699,0.360175818205,0.694388481221,0.538278906695
259,opec,oil,8.59,0.512785434723,0.15917365253,0.522887349129,0.583417206874,0.524751470902
260,oil,stock,6.34,0.512205958366,0.475141048431,0.449356675148,0.524399418127,0.517522305771
261,announcement,production,3.38,0.0533383451402,0.141671895981,0.0627806261182,0.390278692721,0.510998307438
262,announcement,warning,6.0,0.373174518347,0.367365896702,0.413641184568,0.61048550412,0.508137873581
263,profit,warning,3.88,0.119006231427,0.0459801405668,0.0758023783565,0.326757663257,0.247098137905
264,profit,loss,7.63,0.430607587099,0.482154846191,0.432776629925,0.636521369061,0.524919056298
265,dollar,yen,7.78,0.683748722076,0.602883338928,0.709846258163,0.707085252694,0.269218748686
266,dollar,buck,9.22,0.259513795376,0.36063632369,0.303165286779,0.205636985463,0.494155086377
267,dollar,profit,7.38,0.447084486485,0.529265999794,0.531933188438,0.615495747282,0.562272334011
268,dollar,loss,6.09,0.0658129453659,0.256713181734,0.176694318652,0.422022586957,0.349751946518
269,computer,software,8.5,0.730753719807,0.756479501724,0.735725581646,0.837312236265,0.660872039811
270,network,hardware,8.31,0.48217818141,0.563588321209,0.482735306025,0.410139327872,0.529222233915
271,phone,equipment,7.13,0.206458717585,0.22308152914,0.152523413301,0.510582845281,0.319211159948
272,equipment,maker,5.91,0.289197027683,0.329761207104,0.261447489262,0.560899911789,0.422450820097
273,luxury,car,6.47,0.292894929647,0.402381598949,0.36914986372,0.621350714612,0.462795052494
274,five,month,3.38,0.312187731266,0.352853745222,0.355325430632,0.739266941244,0.646159166372
275,report,gain,3.63,-0.0960763841867,-0.0921660289168,-0.0139724528417,0.459637260623,0.339021712949
276,investor,earning,7.13,0.268914461136,0.365578025579,0.237458303571,0.237291576416,0.314448081599
277,liquid,water,7.89,0.683627068996,0.78967654705,0.702801465988,0.622842240918,0.65730853748
278,baseball,season,5.97,0.312470346689,0.276861429214,0.341237962246,0.60938879136,0.614259763485
279,game,victory,7.03,0.451555579901,0.516108930111,0.417874276638,0.623072472818,0.539165794814
280,game,team,7.69,0.37253805995,0.399393171072,0.364087283611,0.701225403606,0.678146384921
281,marathon,sprint,7.47,0.567992150784,0.793300628662,0.550030231476,0.583866820875,0.371850493034
282,game,series,6.19,0.34005099535,0.371114104986,0.330216169357,0.649530380564,0.633390288998
283,game,defeat,6.97,0.444737374783,0.478183180094,0.473479658365,0.555718837071,0.460245378981
284,seven,series,3.56,0.224657714367,0.275307267904,0.225480571389,0.637316817507,0.385686559423
285,seafood,sea,7.47,0.407881110907,0.340292453766,0.376093089581,0.346091555754,0.275139494453
286,seafood,food,8.34,0.671714544296,0.747179508209,0.7211779356,0.64140365697,0.666999938941
287,seafood,lobster,8.7,0.70382142067,0.749700069427,0.702262938023,0.666997687602,0.736697055126
288,lobster,food,7.81,0.396577477455,0.535761833191,0.400582045317,0.348019785226,0.538906565587
289,lobster,wine,5.7,0.650434851646,0.614621222019,0.630988359451,0.437965241274,0.425557808991
290,food,preparation,6.22,0.328816175461,0.305210292339,0.333347856998,0.475453080508,0.344058248943
291,video,archive,6.34,0.368788689375,0.398595929146,0.418446183205,0.498406802081,0.443719305889
292,start,year,4.06,0.242938473821,0.267685294151,0.28077429533,0.750866535539,0.701263338119
293,start,match,4.47,0.384272426367,0.449133038521,0.399469822645,0.590330201355,0.530805942537
294,game,round,5.97,0.309028327465,0.352513164282,0.343105375767,0.605623171006,0.616474000876
295,boxing,round,7.61,0.28447201848,0.323333978653,0.270465373993,0.340821701854,0.588704448993
296,championship,tournament,8.36,0.68582546711,0.806707262993,0.735243439674,0.82938255971,0.852420045717
297,fighting,defeating,7.41,0.575388669968,0.628495573997,0.591412484646,0.40298269795,0.291599201534
298,line,insurance,2.69,0.0655838996172,0.156197622418,0.0595762506127,0.356513947315,0.381644546922
299,day,summer,3.94,0.523988544941,0.588121235371,0.530421078205,0.701505685505,0.752219370386
300,summer,drought,7.16,0.337572216988,0.466970831156,0.345193773508,0.43996352598,0.398446179715
301,summer,nature,5.63,0.036464177072,0.0487910807133,0.0404096059501,0.413586626944,0.444710596017
302,day,dawn,7.53,0.322126805782,0.450291156769,0.349362134933,0.612753635574,0.529544223276
303,nature,environment,8.31,0.44634437561,0.46590462327,0.466421127319,0.635867949625,0.614310349478
304,environment,ecology,8.81,0.46386179328,0.550697982311,0.471477508545,0.640834213378,0.566752922052
305,nature,man,6.25,0.087196610868,0.123299509287,0.0651799589396,0.524586290488,0.313386345532
306,man,woman,8.3,0.860245287418,0.886959910393,0.880744338036,0.832349420482,0.670395224956
307,man,governor,5.25,0.1983948946,0.376513749361,0.247828483582,0.403543292634,0.280411102681
308,murder,manslaughter,8.53,0.640239179134,0.643243908882,0.655169188976,0.665042141559,0.534912807366
309,soap,opera,7.94,0.497317701578,0.499144554138,0.418710976839,0.519772894459,0.3002594011
310,opera,performance,6.88,0.270702332258,0.336774528027,0.230643719435,0.539383343215,0.398479171966
311,life,lesson,5.94,0.169205442071,0.323439240456,0.176247134805,0.512331851107,0.620756600809
312,focus,life,4.06,0.144983917475,0.167818367481,0.166526570916,0.588050250174,0.626417035927
313,production,crew,6.25,0.167178317904,0.12859608233,0.138733312488,0.336242374227,0.460837195118
314,television,film,7.72,0.728463351727,0.691814601421,0.713612914085,0.655659462447,0.515129956872
315,lover,quarrel,6.19,0.422211915255,0.442336559296,0.346191376448,0.360300644027,0.345397317099
316,viewer,serial,2.97,0.288231670856,0.302158623934,0.268613964319,0.317152567198,0.421979563339
317,possibility,girl,1.94,-0.0191358029842,0.0605619028211,0.00246276310645,0.275941001423,0.257021609311
318,population,development,3.75,0.142207920551,0.224664092064,0.158531576395,0.448895846091,0.421554165462
319,morality,importance,3.31,0.332479059696,0.432190656662,0.38766759634,0.423583896433,0.544216546545
320,morality,marriage,3.69,0.433126866817,0.451135545969,0.385726422071,0.40878190787,0.46181100413
321,mexico,brazil,7.44,0.782446622849,0.306659966707,0.776402890682,0.813223334507,0.640199115642
322,gender,equality,6.41,0.620355844498,0.69522100687,0.592731356621,0.634752925403,0.61708875007
323,change,attitude,5.44,0.307468503714,0.317773729563,0.282381147146,0.63954841164,0.654815886414
324,family,planning,6.25,0.0413785167038,0.0645075514913,0.0485783554614,0.3889485811,0.532260103328
325,opera,industry,2.63,0.133813068271,0.218962296844,0.159822687507,0.323490043468,0.260651078115
326,sugar,approach,0.88,-0.0625085309148,-0.0598043017089,-0.0796654596925,0.122699328928,0.238043469954
327,practice,institution,3.19,0.281312704086,0.360522627831,0.323930501938,0.460948602545,0.216023745819
328,ministry,culture,4.69,0.344404727221,0.342037081718,0.427938580513,0.433215047538,0.611381015654
329,problem,challenge,6.75,0.423276126385,0.559124171734,0.418518543243,0.5346152041,0.484206689883
330,size,prominence,5.31,0.125450417399,0.11270815134,0.0400008149445,0.265019933296,-0.079999735083
331,country,citizen,7.31,0.212675392628,0.390807747841,0.245225265622,0.457368075158,0.486834220382
332,planet,people,5.75,0.127161920071,0.234292849898,0.127922147512,0.337549417842,0.48945595217
333,development,issue,3.97,0.139143705368,0.167241454124,0.120760306716,0.490327949909,0.5328103785
334,experience,music,3.47,0.155035272241,0.224143028259,0.183439090848,0.491100301514,0.541274444172
335,music,project,3.63,-0.00949282292277,0.0198863726109,0.0248438306153,0.456630827932,0.592502860932
336,glass,metal,5.56,0.74704015255,0.808281242847,0.736337900162,0.670648147696,0.559711378973
337,aluminum,metal,7.83,0.854265570641,0.832343876362,0.798491179943,0.683809696557,0.503593879944
338,chance,credibility,3.88,0.285234451294,0.387573897839,0.283910095692,0.412893940558,0.182732629353
339,exhibit,memorabilia,5.31,0.244713261724,0.21857920289,0.249952420592,0.502782659736,0.370545641799
340,concert,virtuoso,6.81,0.559724986553,0.57669210434,0.584917724133,0.392188463468,0.0371403835256
341,rock,jazz,7.59,0.70297139883,0.688536465168,0.701801657677,0.652701379719,0.747788289479
342,museum,theater,7.19,0.359645724297,0.425461143255,0.407065570354,0.594852963461,0.600822475384
343,observation,architecture,4.38,0.158805251122,0.290281951427,0.194516450167,0.234591852425,0.46690058315
344,space,world,6.53,0.152054622769,0.222641021013,0.140255525708,0.515009616195,0.643039010629
345,preservation,world,6.19,0.0457823127508,0.101121544838,0.0277134086937,0.23634476717,0.145690274575
346,admission,ticket,7.69,0.444243788719,0.501258671284,0.508434712887,0.446586029742,0.592719403026
347,shower,thunderstorm,6.31,0.250820934772,0.144892543554,0.24645447731,0.412814383742,0.291777523437
348,shower,flood,6.03,0.127701953053,0.0714282542467,-0.0197070203722,0.246087071886,0.345016817574
349,weather,forecast,8.34,0.553670287132,0.55073517561,0.644187092781,0.598126696433,0.704904418385
350,disaster,area,6.25,0.0878721773624,0.158551305532,0.134696990252,0.40765276695,0.403490003161
351,governor,office,6.34,0.410516053438,0.334623634815,0.397154599428,0.538869114433,0.432315404351
352,architecture,century,3.78,0.367640167475,0.421381294727,0.366225302219,0.571022086017,0.408986567443
